B365H,B365D,B365A,BWH,BWD,BWA,IWH,IWD,IWA,LBH,LBD,LBA,PSH,PSD,PSA,WHH,WHD,WHA,VCH,VCD,VCA,FTR
1.53,4.5,6.5,1.5,4.6,6.75,1.47,4.5,6.5,1.44,4.4,6.5,1.53,4.55,6.85,1.53,4.2,6.0,1.53,4.5,6.5,1
11.0,5.5,1.33,11.0,5.25,1.3,8.0,5.3,1.35,10.0,5.0,1.3,10.95,5.55,1.34,10.0,4.8,1.33,10.0,5.5,1.33,2
1.25,6.5,15.0,1.22,6.5,12.5,1.22,6.2,13.5,1.25,5.75,15.0,1.26,6.3,15.25,1.25,5.5,13.0,1.25,6.25,15.0,2
1.83,3.6,5.0,1.8,3.5,4.75,1.85,3.5,4.3,1.8,3.4,4.6,1.83,3.58,5.11,1.8,3.3,5.0,1.83,3.6,5.0,2
1.7,3.8,5.75,1.7,3.6,5.5,1.7,3.7,5.0,1.67,3.6,5.25,1.7,3.83,5.81,1.7,3.5,5.5,1.7,3.8,5.75,1
1.62,4.0,6.5,1.57,4.0,6.0,1.65,3.8,5.3,1.6,3.7,6.0,1.64,3.94,6.35,1.62,3.6,6.0,1.65,4.0,5.5,0
6.0,4.2,1.62,6.0,4.2,1.55,5.5,4.0,1.6,5.8,4.0,1.57,5.74,4.29,1.63,5.5,3.8,1.62,6.0,4.0,1.65,0
2.4,3.3,3.3,2.4,3.2,3.1,2.3,3.3,3.15,2.4,3.1,3.0,2.46,3.25,3.26,2.5,3.1,3.0,2.5,3.3,3.13,1
1.3,5.75,12.0,1.28,5.5,11.0,1.33,5.3,8.7,1.33,5.0,10.0,1.33,5.68,10.85,1.3,5.0,11.0,1.3,5.5,11.5,1
5.5,4.0,1.7,5.25,3.8,1.67,4.8,3.6,1.75,5.0,3.8,1.67,5.35,4.0,1.71,5.0,3.75,1.7,5.5,4.0,1.7,2
2.0,3.6,4.0,1.95,3.5,4.0,1.9,3.5,4.1,1.95,3.5,3.8,1.98,3.63,4.16,1.95,3.4,4.0,2.0,3.6,4.0,2
2.63,3.2,3.0,2.55,3.0,3.1,2.4,3.2,3.05,2.55,3.0,3.0,2.64,3.17,3.07,2.4,3.0,3.0,2.6,3.13,3.13,2
1.73,3.8,5.5,1.75,3.6,5.0,1.75,3.6,4.8,1.73,3.6,5.0,1.74,3.85,5.43,1.73,3.3,5.5,1.73,3.8,5.4,1
1.36,5.25,9.5,1.34,5.25,9.0,1.35,5.3,8.0,1.36,4.8,8.0,1.39,5.24,9.27,1.33,4.5,9.0,1.36,5.25,9.0,1
1.75,3.8,5.25,1.7,3.8,5.0,1.75,3.6,4.8,1.67,3.6,4.75,1.71,3.96,5.43,1.7,3.6,4.5,1.73,3.8,5.25,1
4.5,3.8,1.85,4.5,3.75,1.78,4.8,3.6,1.75,4.2,3.6,1.8,4.39,3.85,1.88,4.5,3.5,1.8,4.6,3.8,1.83,1
11.0,5.0,1.36,9.25,4.75,1.36,7.5,4.8,1.4,11.0,4.75,1.33,12.01,5.33,1.33,10.0,4.5,1.36,12.0,5.0,1.33,2
2.5,3.25,3.2,2.4,3.25,3.1,2.3,3.3,3.15,2.4,3.1,3.1,2.51,3.31,3.13,2.5,3.1,3.0,2.38,3.25,3.25,1
2.1,3.6,3.75,2.0,3.5,3.75,2.1,3.4,3.5,2.05,3.4,3.6,2.08,3.58,3.85,2.1,3.3,3.6,2.05,3.4,3.5,2
1.33,5.75,10.0,1.33,5.25,9.25,1.35,5.3,8.0,1.28,5.25,11.0,1.31,5.88,11.27,1.33,5.0,9.0,1.3,5.75,9.5,0
11.0,6.0,1.3,9.25,5.25,1.33,9.0,6.0,1.3,10.0,5.25,1.3,11.14,5.79,1.32,9.0,5.0,1.33,11.0,6.0,1.3,2
1.95,3.5,4.33,1.9,3.5,4.2,1.9,3.5,4.1,1.95,3.25,4.2,1.99,3.43,4.41,1.95,3.25,4.2,1.95,3.5,4.4,2
3.9,3.4,2.1,3.9,3.2,2.1,3.15,3.3,2.3,3.75,3.2,2.05,4.01,3.45,2.08,3.8,3.1,2.1,4.0,3.3,2.1,0
1.33,5.5,11.0,1.34,5.0,9.75,1.25,6.0,11.0,1.33,5.0,9.5,1.33,5.56,11.31,1.33,5.0,9.0,1.33,5.5,10.5,1
2.3,3.4,3.4,2.25,3.25,3.4,2.3,3.3,3.15,2.25,3.3,3.1,2.34,3.42,3.33,2.3,3.2,3.2,2.3,3.4,3.4,1
1.91,3.4,4.0,1.9,3.5,4.25,1.85,3.5,4.3,1.95,3.25,4.2,1.99,3.37,4.5,1.95,3.25,4.2,2.0,3.4,4.33,0
1.45,4.5,8.5,1.42,4.6,8.0,1.45,4.5,7.0,1.44,4.2,7.5,1.47,4.55,8.45,1.44,4.2,8.0,1.45,4.5,8.0,1
2.15,3.7,3.5,2.15,3.4,3.4,2.1,3.4,3.5,2.1,3.6,3.2,2.16,3.72,3.46,2.2,3.25,3.4,2.2,3.7,3.3,1
1.25,6.5,15.0,1.22,6.5,12.5,1.27,6.0,10.0,1.22,5.8,15.0,1.26,6.45,14.0,1.25,5.5,13.0,1.25,6.0,15.0,0
2.4,3.1,3.5,2.35,3.1,3.3,2.3,3.3,3.15,2.35,3.0,3.3,2.39,3.12,3.55,2.4,3.0,3.2,2.45,3.1,3.4,0
1.36,5.5,9.0,1.36,5.25,8.0,1.33,5.5,8.5,1.36,5.0,8.0,1.39,5.59,8.29,1.36,5.0,8.0,1.36,5.5,9.0,1
2.7,3.1,3.0,2.6,3.0,3.0,2.65,3.3,2.65,2.55,2.9,3.0,2.76,3.0,3.08,2.62,2.9,3.0,2.7,3.0,3.13,1
3.8,3.5,2.1,3.6,3.4,2.1,3.5,3.4,2.1,3.7,3.3,2.05,3.94,3.5,2.08,3.5,3.25,2.15,3.8,3.5,2.1,2
4.75,3.9,1.8,4.6,3.8,1.75,4.5,3.6,1.8,4.4,3.6,1.8,4.73,3.83,1.83,4.33,3.6,1.8,4.6,3.8,1.83,2
1.85,4.0,4.2,1.85,3.8,4.0,2.0,3.4,3.8,1.85,3.8,3.8,1.89,3.94,4.2,1.85,3.75,4.0,1.83,4.0,4.33,1
1.65,4.0,6.0,1.65,3.8,5.5,1.65,3.8,5.3,1.61,3.7,5.5,1.67,3.96,5.95,1.67,3.6,5.5,1.65,4.0,6.0,2
7.5,4.5,1.5,6.5,4.33,1.5,6.2,4.0,1.55,7.0,4.2,1.5,7.42,4.43,1.52,7.0,4.0,1.5,7.5,4.4,1.5,0
2.3,3.25,3.5,2.3,3.2,3.3,2.5,3.3,2.85,2.3,3.1,3.3,2.36,3.23,3.48,2.38,3.1,3.2,2.38,3.2,3.4,1
2.4,3.25,3.3,2.4,3.1,3.2,2.2,3.35,3.3,2.35,3.1,3.1,2.41,3.28,3.32,2.38,3.1,3.2,2.38,3.25,3.3,2
1.95,3.5,4.5,1.83,3.5,4.5,2.0,3.4,3.8,1.91,3.4,4.0,1.97,3.46,4.46,1.85,3.5,4.33,1.93,3.5,4.4,1
2.15,3.4,3.8,2.1,3.3,3.7,2.2,3.35,3.3,2.15,3.2,3.4,2.17,3.44,3.74,2.1,3.3,3.8,2.15,3.4,3.75,1
3.0,3.3,2.6,2.95,3.25,2.5,2.85,3.3,2.5,3.0,3.1,2.45,2.99,3.32,2.6,2.8,3.1,2.6,3.0,3.25,2.6,2
3.5,3.4,2.25,3.2,3.25,2.3,2.85,3.3,2.5,3.25,3.2,2.25,3.46,3.42,2.28,3.3,3.3,2.2,3.5,3.4,2.25,0
1.29,6.0,13.0,1.26,5.75,12.0,1.3,5.5,9.5,1.25,5.75,12.0,1.27,6.3,13.45,1.29,5.0,12.0,1.25,6.0,13.0,0
2.38,3.25,3.4,2.35,3.25,3.2,2.3,3.3,3.15,2.3,3.1,3.2,2.37,3.23,3.46,2.3,3.1,3.3,2.38,3.25,3.4,1
1.22,7.0,15.0,1.22,6.5,12.5,1.27,5.8,10.5,1.22,6.0,15.0,1.25,6.7,14.0,1.22,6.0,13.0,1.22,7.0,15.0,0
9.0,6.0,1.33,9.25,5.25,1.33,8.0,5.3,1.35,8.5,5.0,1.36,9.83,5.64,1.35,8.0,5.5,1.33,9.5,5.5,1.33,2
2.38,3.25,3.4,2.3,3.2,3.25,2.3,3.3,3.15,2.35,3.1,3.2,2.36,3.27,3.43,2.3,3.1,3.3,2.38,3.25,3.4,0
1.8,4.0,4.5,1.75,4.0,4.4,1.85,3.5,4.3,1.75,3.8,4.25,1.81,4.02,4.57,1.8,3.5,4.5,1.8,4.0,4.5,0
1.36,5.25,10.0,1.34,5.0,10.0,1.35,5.3,8.0,1.33,4.8,10.0,1.35,5.3,10.93,1.33,4.5,11.0,1.33,5.25,12.0,1
2.15,3.25,3.9,2.15,3.1,3.75,2.2,3.25,3.4,2.15,3.1,3.6,2.21,3.23,3.89,2.1,3.1,3.8,2.2,3.25,3.8,0
1.65,4.0,5.75,1.65,3.75,5.5,1.65,3.8,5.3,1.67,3.75,5.2,1.72,3.92,5.43,1.67,3.6,5.5,1.67,4.0,5.75,1
4.1,3.9,1.91,4.0,3.75,1.87,3.8,3.4,2.0,4.0,3.7,1.85,4.27,3.87,1.89,4.0,3.5,1.91,4.3,3.9,1.87,2
1.14,10.0,21.0,1.15,8.5,15.0,1.15,7.5,18.0,1.13,8.5,21.0,1.15,10.0,18.5,1.14,7.5,21.0,1.13,10.0,22.0,1
5.5,3.8,1.73,5.25,3.7,1.7,4.8,3.6,1.75,4.8,3.5,1.73,5.35,3.82,1.75,5.0,3.6,1.73,5.4,3.8,1.73,2
6.0,4.1,1.62,5.75,4.0,1.6,5.7,3.9,1.6,5.5,3.9,1.6,5.69,4.25,1.64,6.0,3.6,1.62,5.75,4.1,1.62,2
2.4,3.3,3.25,2.35,3.2,3.2,2.2,3.35,3.3,2.3,3.2,3.1,2.43,3.29,3.28,2.3,3.2,3.2,2.38,3.3,3.3,2
6.0,4.33,1.6,5.5,4.1,1.6,4.9,3.8,1.7,5.5,4.0,1.57,5.95,4.36,1.61,5.5,4.0,1.6,6.0,4.3,1.6,2
2.8,3.1,2.9,2.7,3.1,2.8,2.65,3.3,2.65,2.65,3.0,2.8,2.78,3.1,2.96,2.7,3.1,2.7,2.75,3.13,2.9,1
1.33,5.5,11.0,1.34,5.25,8.75,1.33,5.3,8.7,1.33,5.0,9.5,1.36,5.45,10.0,1.33,5.0,9.0,1.33,5.4,10.5,1
2.8,3.25,2.5,2.7,3.3,2.5,2.65,3.3,2.65,2.75,3.4,2.5,2.9,3.48,2.58,2.75,3.4,2.5,2.8,3.5,2.6,0
2.75,3.3,2.5,2.75,3.5,2.5,2.65,3.3,2.65,2.75,3.4,2.45,2.84,3.63,2.54,2.8,3.3,2.5,2.8,3.5,2.45,2
8.5,4.75,1.36,8.0,4.75,1.36,7.0,4.5,1.45,8.0,4.6,1.4,9.54,5.0,1.4,8.0,4.5,1.4,9.0,4.8,1.4,2
1.17,7.0,15.0,1.15,7.0,16.5,1.17,7.5,15.0,1.17,7.0,21.0,1.19,7.9,19.0,1.17,7.0,17.0,1.18,7.5,22.0,1
2.88,3.2,2.45,2.8,3.2,2.5,2.7,3.15,2.7,3.0,3.1,2.45,3.06,3.38,2.52,2.9,3.2,2.5,2.88,3.3,2.6,1
2.15,3.2,3.5,2.15,3.1,3.5,2.25,3.35,3.2,2.25,3.0,3.5,2.33,3.13,3.69,2.25,3.1,3.4,2.25,3.2,3.7,0
1.8,3.5,4.5,1.8,3.4,4.5,1.9,3.5,4.1,1.85,3.4,4.25,1.9,3.49,4.84,1.83,3.5,4.33,1.9,3.5,4.6,1
1.2,6.5,13.0,1.22,6.0,12.0,1.25,6.5,10.0,1.25,5.8,13.0,1.27,6.65,12.35,1.22,6.0,13.0,1.25,6.5,12.0,1
1.67,3.6,5.75,1.62,3.7,5.5,1.7,3.7,5.0,1.67,3.6,5.5,1.68,3.81,6.2,1.62,3.6,6.0,1.67,3.75,6.0,2
5.0,3.8,1.67,5.0,4.0,1.67,4.6,3.75,1.75,4.6,3.9,1.7,5.09,4.17,1.71,5.0,3.75,1.7,5.2,4.0,1.7,0
2.75,3.25,2.8,2.65,3.25,2.75,2.6,3.3,2.7,2.65,3.1,2.7,2.8,3.23,2.83,2.6,3.2,2.88,2.75,3.25,2.8,0
9.0,5.0,1.4,9.0,5.0,1.36,7.5,4.8,1.4,8.5,4.5,1.4,8.5,4.92,1.43,9.5,4.8,1.36,8.5,4.6,1.44,1
2.8,3.25,2.8,2.7,3.3,2.65,2.65,3.3,2.65,2.62,3.3,2.62,2.77,3.32,2.79,2.75,3.2,2.75,2.75,3.4,2.7,0
1.14,9.5,21.0,1.14,9.0,16.0,1.17,7.5,15.0,1.13,8.5,15.0,1.16,9.0,19.9,1.14,8.5,21.0,1.14,9.5,17.0,1
2.2,3.25,3.75,2.15,3.1,3.8,2.1,3.4,3.5,2.1,3.1,3.75,2.21,3.16,3.98,2.15,3.2,3.8,2.2,3.2,3.9,1
1.2,8.0,15.0,1.19,7.25,14.0,1.25,6.0,11.0,1.2,6.5,15.0,1.21,7.92,14.37,1.2,7.5,13.0,1.22,7.5,13.0,1
5.25,4.33,1.65,5.25,4.1,1.62,4.6,3.7,1.75,5.0,4.0,1.6,5.49,4.37,1.64,5.5,4.2,1.62,5.5,4.4,1.62,1
3.25,3.3,2.4,3.2,3.2,2.35,2.95,3.3,2.4,3.2,3.0,2.4,3.22,3.18,2.53,3.25,3.2,2.38,3.3,3.1,2.5,0
1.91,3.6,4.5,1.85,3.5,4.5,1.8,3.6,4.5,1.83,3.4,4.5,1.87,3.58,4.85,1.85,3.6,4.5,1.87,3.5,4.75,0
2.05,3.4,4.2,2.0,3.3,4.1,1.9,3.5,4.1,2.0,3.25,3.9,2.03,3.4,4.28,2.0,3.4,4.0,2.05,3.4,4.0,0
1.83,3.5,5.25,1.8,3.5,4.75,1.85,3.5,4.3,1.8,3.3,4.75,1.82,3.53,5.34,1.83,3.3,5.0,1.83,3.5,5.2,2
1.36,5.25,10.0,1.35,5.0,9.25,1.35,5.3,8.0,1.36,4.8,9.0,1.4,5.08,8.95,1.36,5.0,9.0,1.36,5.25,9.5,1
11.0,5.0,1.36,9.5,5.25,1.33,8.0,5.3,1.35,10.0,4.6,1.33,11.73,5.12,1.35,11.0,5.0,1.33,10.0,5.0,1.36,1
1.11,12.0,26.0,1.09,11.0,26.0,1.15,7.5,18.0,1.1,11.0,26.0,1.12,12.2,23.0,1.11,9.0,26.0,1.11,11.5,22.0,1
2.0,3.5,4.2,1.95,3.4,4.1,1.9,3.5,4.1,1.95,3.3,4.0,1.98,3.58,4.24,2.05,3.1,4.2,1.95,3.5,4.33,1
1.85,3.39,5.25,1.8,3.4,5.0,1.9,3.5,4.1,1.8,3.3,5.0,1.82,3.47,5.49,1.83,3.4,5.0,1.83,3.4,5.5,1
2.14,3.5,3.6,2.2,3.3,3.4,2.0,3.4,3.8,2.1,3.3,3.4,2.21,3.44,3.61,2.2,3.3,3.5,2.15,3.5,3.6,2
2.79,3.25,2.75,2.75,3.25,2.65,2.4,3.3,2.95,2.8,3.2,2.55,2.83,3.31,2.74,2.9,3.1,2.62,2.88,3.3,2.7,2
3.79,3.6,2.04,3.9,3.6,1.95,3.8,3.4,2.0,3.6,3.5,2.0,3.84,3.71,2.04,4.0,3.3,2.05,4.0,3.6,2.0,2
2.25,3.5,3.39,2.15,3.4,3.4,2.2,3.35,3.3,2.15,3.5,3.2,2.22,3.62,3.4,2.15,3.4,3.5,2.2,3.6,3.4,1
1.25,7.0,12.0,1.25,6.5,10.5,1.25,6.0,11.0,1.22,6.5,13.0,1.24,7.35,13.5,1.22,7.0,13.0,1.25,7.0,13.0,1
6.0,4.2,1.61,5.25,4.2,1.62,5.7,3.9,1.6,5.0,4.0,1.61,5.59,4.29,1.65,5.5,4.2,1.62,5.4,4.3,1.65,2
2.39,3.29,3.29,2.35,3.3,3.1,2.4,3.3,2.95,2.3,3.2,3.2,2.36,3.34,3.37,2.4,3.3,3.1,2.4,3.3,3.3,0
1.25,6.75,13.0,1.22,6.5,12.5,1.25,6.0,11.0,1.25,5.8,12.0,1.25,6.7,14.0,1.25,6.5,12.0,1.25,6.5,13.0,1
2.14,3.39,3.79,2.05,3.4,3.8,2.2,3.35,3.3,2.15,3.2,3.5,2.23,3.38,3.62,2.15,3.4,3.6,2.25,3.3,3.6,1
2.04,3.6,3.79,2.05,3.4,3.75,2.1,3.4,3.5,2.0,3.4,3.7,2.04,3.69,3.86,2.05,3.5,3.75,2.05,3.6,3.9,2
11.0,6.5,1.28,11.5,6.25,1.25,11.0,6.0,1.25,13.0,5.8,1.25,12.41,6.83,1.26,12.0,6.5,1.25,13.0,6.5,1.25,2
3.29,3.2,2.45,3.1,3.1,2.45,2.85,3.3,2.5,3.2,3.0,2.37,3.35,3.23,2.43,3.25,3.2,2.38,3.3,3.13,2.45,0
2.14,3.39,3.75,2.15,3.3,3.6,2.2,3.35,3.3,2.1,3.3,3.4,2.16,3.47,3.71,2.15,3.4,3.5,2.2,3.4,3.6,1
2.89,3.2,2.7,2.85,3.2,2.6,2.65,3.3,2.65,2.9,3.0,2.55,3.05,3.13,2.69,2.88,3.1,2.7,3.0,3.2,2.63,1
2.79,3.0,3.0,2.65,3.0,2.95,2.5,3.1,3.0,2.75,2.9,2.8,2.78,3.01,3.04,2.7,3.0,3.0,2.75,3.0,3.0,1
2.0,3.5,4.2,1.95,3.5,4.0,1.9,3.5,4.1,1.95,3.4,3.9,1.99,3.47,4.36,2.0,3.4,4.0,2.0,3.5,4.2,2
1.66,3.75,6.5,1.62,3.6,6.5,1.75,3.6,4.8,1.61,3.5,6.0,1.64,3.76,6.91,1.67,3.5,6.5,1.65,3.75,6.5,2
2.7,3.29,2.87,2.55,3.3,2.8,2.4,3.3,2.95,2.62,3.2,2.65,2.74,3.33,2.82,2.7,3.2,2.8,2.75,3.3,2.8,0
2.39,3.2,3.39,2.35,3.1,3.3,2.2,3.35,3.3,2.35,3.0,3.2,2.47,3.13,3.38,2.4,3.1,3.3,2.4,3.2,3.4,2
5.25,4.33,1.66,5.0,4.1,1.65,4.8,3.6,1.75,5.2,4.0,1.61,5.53,4.29,1.65,5.0,4.2,1.67,5.5,4.3,1.65,2
2.5,3.2,3.2,2.45,3.2,3.0,2.5,3.1,3.0,2.45,3.1,3.0,2.54,3.22,3.17,2.5,3.2,3.1,2.5,3.2,3.13,1
2.2,3.39,3.6,2.1,3.4,3.6,2.1,3.4,3.5,2.15,3.25,3.4,2.21,3.38,3.67,2.15,3.3,3.6,2.15,3.4,3.7,1
1.39,5.5,7.5,1.4,5.0,7.5,1.55,4.5,5.3,1.4,4.8,6.5,1.43,5.2,7.69,1.44,4.8,7.0,1.4,5.5,7.5,1
1.28,6.0,12.0,1.26,6.0,11.0,1.27,6.0,10.0,1.28,5.5,11.0,1.31,6.11,10.98,1.29,5.5,12.0,1.3,6.0,11.5,1
2.5,3.6,2.89,2.45,3.4,2.85,2.5,3.5,2.7,2.35,3.5,2.8,2.5,3.62,2.92,2.5,3.5,2.8,2.5,3.6,2.9,1
1.83,3.5,5.25,1.83,3.4,4.75,2.0,3.4,3.8,1.8,3.4,4.75,1.84,3.49,5.23,1.85,3.3,5.0,1.83,3.6,5.0,1
2.14,3.2,4.0,2.1,3.2,3.9,1.9,3.3,4.4,2.1,3.1,3.9,2.13,3.17,4.24,2.1,3.2,4.0,2.15,3.13,4.2,1
2.39,3.25,3.29,2.4,3.25,3.1,2.6,3.25,2.75,2.3,3.1,3.2,2.37,3.3,3.4,2.4,3.2,3.2,2.38,3.25,3.4,0
9.5,5.75,1.33,8.0,5.75,1.33,8.0,5.3,1.35,8.5,5.2,1.33,9.06,5.89,1.35,9.5,5.0,1.35,9.5,5.75,1.33,2
1.39,5.0,9.0,1.4,4.75,8.25,1.45,4.4,7.2,1.4,4.6,8.0,1.41,5.14,8.67,1.4,4.8,8.5,1.4,5.0,9.5,1
1.28,5.75,13.0,1.26,5.75,11.5,1.27,5.8,10.5,1.28,5.2,13.0,1.29,5.7,15.0,1.3,5.0,13.0,1.3,5.75,12.0,1
6.5,4.0,1.61,5.75,4.0,1.6,6.2,4.0,1.55,6.0,3.75,1.53,6.46,4.09,1.61,6.5,3.75,1.62,6.25,4.1,1.62,2
2.1,3.5,3.75,2.1,3.25,3.7,2.2,3.35,3.3,2.05,3.4,3.5,2.13,3.5,3.79,2.1,3.5,3.6,2.1,3.5,3.7,1
2.39,3.2,3.39,2.4,3.1,3.2,2.4,3.3,2.95,2.35,3.0,3.25,2.38,3.16,3.52,2.4,3.1,3.3,2.4,3.13,3.4,0
2.7,3.39,2.75,2.75,3.3,2.6,2.5,3.3,2.85,2.7,3.3,2.7,2.74,3.32,2.82,2.75,3.2,2.75,2.7,3.4,2.75,0
2.04,3.5,4.0,2.0,3.4,3.9,2.1,3.4,3.5,2.0,3.3,3.75,2.08,3.44,4.03,2.1,3.1,4.0,2.05,3.5,4.0,1
2.14,3.6,3.5,2.15,3.5,3.3,2.2,3.3,3.4,2.05,3.6,3.3,2.12,3.68,3.62,2.15,3.3,3.6,2.15,3.6,3.5,0
1.19,7.0,19.0,1.18,7.25,15.5,1.2,6.5,15.0,1.18,6.5,19.0,1.19,7.42,20.97,1.22,5.5,21.0,1.18,7.5,22.0,1
2.2,3.5,3.5,2.2,3.3,3.4,2.1,3.4,3.5,2.15,3.3,3.4,2.18,3.48,3.59,2.25,3.2,3.5,2.2,3.4,3.6,2
2.79,3.25,2.79,2.8,3.1,2.7,2.5,3.3,2.85,2.75,3.1,2.65,2.83,3.27,2.77,2.8,3.2,2.7,2.8,3.25,2.75,0
1.25,6.0,16.0,1.22,6.25,13.5,1.3,5.5,9.5,1.25,5.5,13.0,1.27,6.2,14.35,1.25,5.5,15.0,1.25,6.25,13.0,0
6.5,4.5,1.53,5.75,4.4,1.55,5.7,3.9,1.6,5.75,4.0,1.57,5.89,4.47,1.6,6.0,4.2,1.57,6.25,4.33,1.57,2
17.0,8.0,1.18,15.0,7.25,1.18,15.0,6.5,1.2,17.0,7.0,1.18,15.5,8.24,1.2,17.0,6.5,1.2,18.0,8.0,1.18,2
1.9,3.39,4.75,1.83,3.5,4.6,2.0,3.4,3.8,1.83,3.3,4.6,1.88,3.49,4.98,1.91,3.3,4.5,1.83,3.5,5.2,1
2.7,3.1,3.0,2.6,3.1,2.9,2.5,3.15,2.95,2.65,3.1,2.9,2.68,3.17,3.01,2.62,3.1,2.9,2.7,3.1,3.0,0
5.0,3.89,1.75,4.75,3.75,1.75,4.7,3.7,1.75,4.75,3.9,1.75,4.86,3.98,1.78,4.8,3.75,1.75,5.0,3.9,1.75,1
5.25,3.89,1.72,5.0,3.75,1.7,5.0,3.7,1.7,5.2,3.9,1.7,5.34,4.05,1.71,5.0,3.8,1.7,5.25,3.9,1.73,2
2.37,3.1,3.5,2.35,3.1,3.3,2.4,3.1,3.15,2.35,3.1,3.4,2.37,3.21,3.49,2.38,3.1,3.4,2.38,3.2,3.4,0
1.19,7.5,17.0,1.18,7.0,17.0,1.2,6.5,15.0,1.2,6.5,15.0,1.23,7.23,14.43,1.2,7.0,15.0,1.2,7.0,19.0,1
2.0,3.39,4.33,2.0,3.3,4.1,2.1,3.3,3.6,1.95,3.25,4.0,2.0,3.39,4.47,1.95,3.4,4.2,2.0,3.4,4.33,2
1.18,8.0,17.0,1.19,6.75,16.5,1.2,6.5,15.0,1.18,6.5,19.0,1.2,7.85,17.11,1.2,7.0,17.0,1.18,7.5,21.0,1
2.37,3.29,3.29,2.3,3.3,3.2,2.2,3.35,3.3,2.25,3.25,3.1,2.33,3.38,3.39,2.3,3.3,3.3,2.38,3.3,3.4,1
1.19,8.0,15.0,1.17,7.5,17.0,1.17,7.5,15.0,1.18,7.0,17.0,1.2,8.2,15.02,1.2,7.0,17.0,1.2,8.0,15.0,1
6.5,4.5,1.55,6.0,4.4,1.53,6.2,4.0,1.55,6.0,4.25,1.5,6.45,4.69,1.53,6.0,4.5,1.53,6.5,4.6,1.53,2
2.5,3.39,3.0,2.45,3.25,3.0,2.5,3.2,2.95,2.37,3.3,2.9,2.44,3.42,3.14,2.5,3.2,3.0,2.45,3.4,3.1,2
7.5,4.5,1.5,6.25,4.5,1.5,6.5,4.2,1.5,7.0,4.2,1.5,7.58,4.55,1.5,6.5,4.5,1.5,7.5,4.5,1.5,2
1.25,6.5,15.0,1.25,6.25,11.5,1.25,6.0,11.0,1.25,5.5,13.0,1.26,6.45,14.0,1.25,6.0,13.0,1.25,6.25,15.0,1
1.72,3.79,5.5,1.7,3.7,5.25,1.7,3.7,5.0,1.7,3.5,5.2,1.72,3.82,5.63,1.73,3.5,5.5,1.67,3.8,6.0,1
1.83,3.6,5.0,1.83,3.5,4.6,1.9,3.5,4.1,1.8,3.4,4.8,1.83,3.64,5.05,1.75,3.6,5.0,1.83,3.6,5.0,1
1.95,3.39,4.5,1.95,3.3,4.25,1.9,3.5,4.1,1.91,3.3,4.25,1.96,3.41,4.61,1.95,3.4,4.2,1.95,3.4,4.6,1
5.0,4.0,1.72,4.75,3.9,1.72,4.5,3.6,1.8,4.75,3.9,1.67,5.14,4.18,1.7,5.0,3.8,1.73,5.0,4.1,1.73,0
2.5,3.2,3.2,2.5,3.1,3.1,2.5,3.1,3.0,2.4,3.0,3.1,2.52,3.17,3.25,2.5,3.1,3.1,2.5,3.2,3.2,0
2.89,3.25,2.39,2.95,3.1,2.55,2.7,3.2,2.7,3.0,3.1,2.45,3.16,3.22,2.54,3.0,3.1,2.6,3.1,3.25,2.5,0
1.08,11.0,21.0,1.1,10.5,21.0,1.12,9.0,20.0,1.09,11.0,29.0,1.12,13.0,19.5,1.11,10.0,23.0,1.07,12.0,26.0,1
2.6,3.25,3.0,2.45,3.2,3.0,2.4,3.2,3.05,2.5,3.1,3.0,2.62,3.26,3.03,2.5,3.2,2.88,2.6,3.2,3.1,1
2.04,3.5,4.0,2.0,3.4,3.9,2.1,3.3,3.6,2.0,3.25,3.8,2.04,3.47,4.16,1.91,3.4,4.0,2.1,3.5,3.7,0
2.7,3.1,3.0,2.55,3.0,3.1,2.6,3.2,2.8,2.55,2.9,3.0,2.69,3.02,3.15,2.62,2.9,3.0,2.7,3.0,3.13,1
2.62,3.29,2.89,2.55,3.2,2.9,2.7,3.3,2.6,2.5,3.25,2.8,2.64,3.32,2.95,2.5,3.25,2.8,2.63,3.3,2.9,2
2.7,3.1,3.0,2.6,3.0,3.0,2.6,3.1,2.85,2.6,2.9,2.9,2.74,3.04,3.08,2.6,3.0,2.9,2.7,3.0,3.1,1
1.28,6.5,11.0,1.26,6.0,11.5,1.3,5.5,9.5,1.28,5.5,11.0,1.3,6.24,10.68,1.25,6.0,11.0,1.29,6.25,11.0,1
7.5,4.5,1.5,7.25,4.5,1.45,6.2,4.0,1.55,7.0,4.2,1.5,7.45,4.67,1.49,7.0,4.0,1.5,7.5,4.6,1.5,1
1.3,6.0,11.0,1.3,5.5,10.0,1.4,5.0,7.0,1.28,5.5,11.0,1.29,6.28,11.6,1.3,5.0,10.0,1.29,6.0,10.0,0
3.39,3.5,2.25,3.3,3.6,2.15,3.15,3.3,2.3,3.2,3.4,2.15,3.44,3.56,2.23,3.3,3.4,2.15,3.3,3.5,2.25,2
4.0,3.75,1.95,4.0,3.6,1.91,3.8,3.4,2.0,3.75,3.5,1.95,3.85,3.79,2.01,3.8,3.6,1.91,4.0,3.7,1.95,0
2.29,3.2,3.6,2.25,3.1,3.5,2.4,3.2,3.05,2.25,3.2,3.6,2.3,3.25,3.6,2.3,3.1,3.3,2.25,3.2,3.75,1
2.29,3.5,3.25,2.25,3.4,3.25,2.4,3.1,3.15,2.3,3.5,3.2,2.29,3.51,3.34,2.25,3.5,3.25,2.3,3.5,3.3,1
9.0,4.5,1.44,8.5,4.33,1.42,7.5,4.8,1.4,8.5,4.4,1.44,8.36,4.68,1.46,9.0,4.6,1.4,8.5,4.6,1.45,2
1.22,7.0,15.0,1.2,7.0,13.5,1.25,6.0,11.0,1.2,6.5,15.0,1.23,7.25,14.75,1.2,7.0,15.0,1.22,7.0,13.0,0
1.28,6.0,12.0,1.26,5.75,11.5,1.25,6.0,11.0,1.28,5.5,12.0,1.29,6.26,11.64,1.29,5.5,12.0,1.29,6.0,13.0,1
2.39,3.29,3.25,2.35,3.2,3.25,2.6,3.3,2.7,2.35,3.2,3.1,2.41,3.29,3.32,2.4,3.2,3.2,2.4,3.4,3.2,2
2.1,3.39,3.89,2.05,3.4,3.7,2.05,3.35,3.7,2.05,3.3,3.7,2.1,3.45,3.95,2.05,3.4,3.8,2.1,3.4,3.9,2
15.0,6.5,1.25,13.0,6.5,1.22,11.0,6.0,1.25,13.0,6.0,1.22,13.5,6.85,1.25,13.0,6.0,1.25,15.0,6.5,1.25,2
1.25,6.5,15.0,1.25,6.0,12.5,1.27,6.0,10.0,1.22,5.8,13.0,1.25,6.8,13.55,1.25,6.0,13.0,1.25,6.5,15.0,1
5.25,4.2,1.66,5.25,4.2,1.62,5.0,4.0,1.65,5.2,4.0,1.61,5.36,4.44,1.65,5.5,4.0,1.65,5.4,4.3,1.65,0
1.25,6.5,14.0,1.26,5.75,12.0,1.25,6.0,11.0,1.25,6.0,13.0,1.27,6.8,11.75,1.25,6.0,13.0,1.25,6.5,15.0,1
2.62,3.0,3.2,2.55,2.9,3.2,2.65,3.3,2.65,2.45,2.9,3.1,2.62,2.95,3.34,2.62,2.9,3.2,2.55,3.0,3.3,0
1.39,5.0,9.0,1.36,5.0,8.5,1.4,4.8,7.5,1.4,4.6,8.5,1.41,5.1,8.78,1.36,5.0,9.0,1.36,5.0,10.0,1
1.89,3.6,4.5,1.87,3.6,4.25,1.85,3.5,4.3,1.83,3.5,4.2,1.88,3.7,4.55,1.91,3.5,4.33,1.87,3.7,4.5,2
1.55,4.59,6.0,1.5,4.6,6.0,1.5,4.2,6.5,1.53,4.25,5.75,1.57,4.6,6.0,1.53,4.5,6.0,1.55,4.6,6.25,1
2.29,3.29,3.5,2.2,3.3,3.4,2.2,3.3,3.4,2.2,3.2,3.3,2.31,3.35,3.46,2.3,3.3,3.3,2.3,3.3,3.4,2
1.8,3.75,5.0,1.72,3.7,5.0,1.75,3.7,4.7,1.75,3.5,4.75,1.79,3.78,5.08,1.8,3.5,5.0,1.75,3.8,5.25,2
6.5,4.5,1.53,6.25,4.6,1.48,6.2,4.0,1.55,6.0,4.33,1.5,6.65,4.81,1.51,6.0,4.5,1.53,6.5,4.6,1.5,2
6.5,4.0,1.6,6.0,4.0,1.57,6.2,4.0,1.55,6.0,3.7,1.6,6.35,4.09,1.62,6.5,3.8,1.62,6.5,4.0,1.6,2
1.72,3.75,5.5,1.67,3.7,5.5,1.7,3.7,5.0,1.73,3.4,5.25,1.78,3.64,5.48,1.73,3.6,5.5,1.75,3.6,5.5,1
2.54,3.6,2.79,2.4,3.6,2.8,2.4,3.3,2.95,2.45,3.75,2.75,2.51,3.71,2.84,2.45,3.6,2.8,2.5,3.75,2.8,0
2.62,3.2,3.0,2.55,3.1,3.0,2.6,3.05,2.9,2.55,3.1,2.87,2.67,3.2,3.0,2.62,3.1,3.0,2.7,3.2,2.9,1
7.0,4.2,1.55,7.0,4.1,1.5,5.3,3.8,1.65,7.0,4.0,1.5,7.05,4.35,1.54,7.0,3.8,1.57,7.0,4.2,1.55,2
6.0,3.89,1.66,6.0,3.75,1.62,4.8,3.9,1.7,5.75,3.7,1.61,5.96,3.98,1.67,5.5,3.8,1.67,6.25,3.9,1.65,0
4.5,3.6,1.9,4.33,3.5,1.87,4.4,3.7,1.8,4.2,3.5,1.87,4.4,3.71,1.91,4.33,3.5,1.91,4.75,3.7,1.83,0
1.12,11.0,23.0,1.1,10.5,23.0,1.12,9.0,20.0,1.09,11.0,26.0,1.11,12.57,23.05,1.1,11.0,26.0,1.07,11.5,23.0,1
1.61,3.89,6.5,1.6,3.8,6.25,1.65,3.8,5.3,1.57,3.75,6.5,1.59,4.03,7.0,1.62,3.75,6.5,1.6,4.0,7.0,0
2.29,3.25,3.5,2.25,3.25,3.4,2.25,3.35,3.2,2.25,3.1,3.4,2.34,3.21,3.55,2.3,3.1,3.5,2.38,3.2,3.5,1
3.29,3.2,2.45,3.2,3.1,2.4,3.0,3.1,2.5,3.2,3.1,2.35,3.34,3.27,2.41,3.3,3.1,2.4,3.4,3.2,2.4,0
2.1,3.39,3.89,2.1,3.3,3.7,1.9,3.5,4.1,2.1,3.2,3.7,2.13,3.43,3.86,2.15,3.2,3.8,2.1,3.4,3.9,2
2.79,3.29,2.75,2.75,3.2,2.65,2.6,3.3,2.7,2.7,3.1,2.65,2.8,3.25,2.81,2.8,3.3,2.62,2.75,3.3,2.8,0
1.19,7.5,17.0,1.18,7.0,17.0,1.2,6.5,15.0,1.2,6.5,17.0,1.21,7.25,17.45,1.2,7.0,15.0,1.2,7.0,20.0,1
2.5,3.2,3.2,2.5,3.1,3.1,2.4,3.3,2.95,2.45,3.1,3.0,2.51,3.27,3.17,2.5,3.1,3.1,2.5,3.2,3.13,0
1.16,9.0,19.0,1.15,8.0,18.5,1.2,6.5,15.0,1.14,8.0,21.0,1.16,9.12,21.04,1.17,8.0,17.0,1.17,8.5,20.0,1
1.25,6.5,15.0,1.25,5.75,13.0,1.25,6.0,11.0,1.22,5.75,15.0,1.24,6.67,15.84,1.25,6.0,13.0,1.25,6.5,13.0,0
1.36,5.25,10.0,1.36,5.0,8.5,1.4,4.8,7.5,1.36,4.8,9.0,1.38,5.43,8.97,1.33,5.0,11.0,1.36,5.25,10.0,1
2.54,3.5,2.87,2.5,3.5,2.75,2.5,3.3,2.85,2.5,3.4,2.7,2.57,3.47,2.92,2.5,3.4,2.88,2.6,3.5,2.8,1
2.54,3.2,3.1,2.4,3.1,3.2,2.6,3.25,2.75,2.4,3.0,3.1,2.47,3.22,3.28,2.5,3.2,3.0,2.55,3.13,3.2,0
13.0,6.75,1.25,13.0,6.5,1.22,8.5,6.0,1.3,13.0,6.5,1.22,12.6,6.95,1.26,13.0,6.0,1.25,15.0,7.0,1.22,2
4.5,4.0,1.8,4.5,3.8,1.78,4.8,3.6,1.75,4.25,3.8,1.75,4.54,4.0,1.8,4.8,3.8,1.75,4.5,4.0,1.8,2
2.37,3.29,3.29,2.35,3.2,3.2,2.45,3.3,2.9,2.3,3.2,3.2,2.33,3.38,3.39,2.4,3.2,3.0,2.38,3.3,3.3,1
1.16,8.5,19.0,1.16,7.5,18.5,1.22,6.5,13.0,1.17,7.0,17.0,1.18,8.01,20.06,1.17,7.0,17.0,1.18,7.5,17.0,1
2.37,3.1,3.5,2.3,3.1,3.4,2.6,3.1,2.9,2.3,2.9,3.4,2.32,3.16,3.67,2.38,2.9,3.4,2.4,3.0,3.6,0
1.3,6.0,11.0,1.28,6.0,9.5,1.35,5.3,8.0,1.3,5.5,9.5,1.32,6.27,9.97,1.3,5.5,9.0,1.3,6.0,11.0,1
1.36,5.5,9.0,1.34,5.25,9.0,1.4,4.8,7.5,1.36,4.75,9.0,1.36,5.35,10.1,1.36,4.8,8.0,1.36,5.2,10.0,0
2.14,3.2,4.0,2.1,3.2,3.8,2.2,3.35,3.3,2.1,3.1,3.8,2.15,3.22,4.1,2.15,3.2,3.6,2.15,3.25,4.0,0
1.66,3.79,6.0,1.67,3.7,5.5,1.75,3.6,4.8,1.67,3.6,5.25,1.7,3.85,5.81,1.7,3.6,5.0,1.7,3.8,5.75,2
11.0,6.5,1.28,11.5,6.25,1.25,9.5,5.5,1.3,11.0,5.8,1.25,12.96,6.73,1.26,11.0,6.0,1.25,12.0,6.5,1.25,0
5.0,4.0,1.72,4.6,3.9,1.75,4.8,3.6,1.75,4.75,3.75,1.7,5.39,4.06,1.7,4.5,3.75,1.73,5.25,4.0,1.7,0
2.37,3.2,3.39,2.35,3.1,3.3,2.3,3.15,3.3,2.35,3.0,3.25,2.46,3.11,3.44,2.4,3.1,3.3,2.45,3.13,3.4,0
7.5,4.5,1.5,7.25,4.4,1.45,6.2,4.0,1.55,6.5,4.2,1.5,7.31,4.45,1.52,7.0,4.33,1.5,7.5,4.4,1.5,2
5.5,3.5,1.8,5.25,3.5,1.75,4.4,3.7,1.8,5.0,3.4,1.75,5.49,3.59,1.79,5.5,3.4,1.75,5.4,3.5,1.8,2
1.66,3.79,6.0,1.62,3.9,5.75,1.7,3.9,4.8,1.61,3.7,5.5,1.65,4.08,6.01,1.67,3.75,5.5,1.67,3.9,5.0,1
2.29,3.29,3.5,2.2,3.3,3.4,2.2,3.35,3.3,2.3,3.2,3.2,2.36,3.26,3.44,2.3,3.2,3.4,2.38,3.3,3.3,2
1.12,8.5,19.0,1.16,8.0,16.5,1.12,9.0,20.0,1.17,7.5,19.0,1.18,8.7,16.95,1.15,8.0,19.0,1.15,8.5,21.0,1
1.9,3.39,4.0,1.91,3.5,4.1,2.1,3.4,3.5,1.91,3.4,4.2,2.05,3.43,4.16,1.95,3.4,4.2,2.0,3.5,4.0,2
12.0,4.75,1.3,10.5,5.5,1.3,8.7,5.3,1.33,10.0,4.8,1.33,10.54,5.51,1.34,11.0,5.5,1.3,11.0,5.25,1.33,2
1.9,3.39,4.09,1.9,3.4,4.33,2.1,3.4,3.5,1.91,3.2,4.33,1.98,3.41,4.51,1.95,3.3,4.33,1.95,3.4,4.5,1
2.6,3.39,2.6,2.7,3.4,2.6,2.6,3.3,2.75,2.62,3.5,2.5,2.8,3.51,2.64,2.7,3.3,2.7,2.75,3.5,2.63,0
1.25,6.0,10.0,1.25,5.75,10.5,1.35,5.3,8.0,1.28,5.5,11.0,1.26,6.25,12.7,1.29,6.0,10.0,1.29,6.0,12.0,0
1.3,5.75,12.0,1.26,5.75,11.5,1.33,5.5,8.5,1.28,5.5,11.0,1.3,5.95,11.85,1.3,5.5,11.0,1.29,6.0,12.0,0
2.0,3.29,4.5,2.0,3.2,4.2,2.0,3.3,4.0,2.0,3.2,4.0,2.02,3.3,4.51,2.05,3.1,4.33,2.0,3.3,4.4,1
2.62,3.1,3.1,2.6,3.0,3.0,2.6,3.25,2.75,2.6,3.0,2.87,2.67,3.14,3.06,2.7,3.0,3.0,2.75,3.1,3.0,2
1.95,3.39,4.5,1.9,3.25,4.6,1.9,3.5,4.1,1.95,3.2,4.25,1.99,3.38,4.5,1.95,3.3,4.5,1.95,3.4,4.6,0
1.28,6.0,13.0,1.25,6.0,12.5,1.33,5.3,8.7,1.28,5.25,12.0,1.28,6.02,13.69,1.29,5.5,12.0,1.29,6.0,13.0,1
2.5,3.39,3.0,2.4,3.3,3.0,2.4,3.3,2.95,2.45,3.25,2.87,2.5,3.48,3.01,2.5,3.25,3.0,2.55,3.4,3.0,0
2.14,3.0,4.33,2.1,3.0,4.1,2.1,3.2,3.8,2.1,3.0,4.0,2.16,3.08,4.31,2.05,3.0,4.2,2.15,3.1,4.33,1
4.75,4.2,1.75,4.75,3.9,1.72,4.8,3.9,1.7,4.33,4.0,1.73,4.63,4.22,1.76,4.5,4.0,1.75,4.6,4.2,1.75,1
3.1,3.75,2.29,3.1,3.6,2.2,3.0,3.5,2.3,2.9,3.6,2.25,3.07,3.75,2.34,3.1,3.5,2.3,2.88,3.6,2.25,1
1.22,7.0,15.0,1.22,7.0,11.5,1.25,6.0,11.0,1.22,6.0,15.0,1.23,7.22,15.23,1.22,6.5,15.0,1.22,7.0,15.0,1
1.5,4.75,7.0,1.5,4.4,6.25,1.5,4.2,6.5,1.5,4.33,6.5,1.49,4.73,7.19,1.5,4.33,7.0,1.5,4.6,7.0,1
6.5,3.89,1.61,6.0,3.8,1.6,5.7,3.9,1.6,6.0,3.6,1.6,6.33,3.9,1.65,6.5,3.75,1.62,6.5,3.9,1.62,2
7.5,3.89,1.57,6.5,3.9,1.57,6.2,4.0,1.55,6.5,3.7,1.57,6.98,3.95,1.6,7.0,3.8,1.57,7.0,3.9,1.6,2
2.14,3.2,4.0,2.1,3.1,4.0,2.2,3.1,3.6,2.1,3.1,3.7,2.16,3.3,3.93,2.15,3.1,4.0,2.2,3.2,3.9,0
1.85,3.89,4.33,1.8,3.75,4.33,1.9,3.5,4.1,1.8,3.7,4.2,1.85,3.84,4.47,1.85,3.75,4.33,1.85,3.9,4.4,1
1.12,10.0,26.0,1.11,10.0,19.0,1.15,8.0,17.0,1.12,9.0,26.0,1.14,10.21,22.56,1.12,9.0,26.0,1.13,10.0,23.0,1
2.04,3.39,4.09,2.0,3.3,4.0,2.1,3.2,3.75,2.0,3.2,4.0,2.04,3.41,4.23,2.05,3.3,4.0,2.05,3.4,4.1,1
2.0,3.6,4.0,1.95,3.6,3.9,2.0,3.4,3.8,2.0,3.5,3.7,2.06,3.62,3.87,2.0,3.5,4.0,2.0,3.7,3.9,0
5.75,4.09,1.64,5.5,4.0,1.62,5.0,3.7,1.7,5.2,3.8,1.61,5.72,4.14,1.66,5.5,4.0,1.65,5.75,4.0,1.65,0
12.0,5.75,1.3,10.0,5.5,1.3,8.0,5.3,1.35,11.0,5.2,1.3,11.96,5.8,1.31,11.0,5.5,1.3,12.0,5.5,1.3,1
12.0,5.75,1.3,10.5,5.5,1.3,7.5,4.8,1.4,12.0,5.5,1.3,10.75,5.65,1.33,11.0,5.5,1.3,12.0,5.75,1.3,2
7.0,4.59,1.5,6.5,4.33,1.5,6.2,4.0,1.55,7.0,4.4,1.5,7.0,4.62,1.51,7.0,4.33,1.5,7.5,4.4,1.5,1
3.1,3.25,2.54,3.0,3.2,2.45,2.65,3.3,2.65,3.0,3.25,2.5,3.06,3.32,2.55,3.0,3.25,2.5,3.0,3.3,2.55,0
1.28,6.5,11.0,1.26,6.0,11.0,1.27,5.8,10.5,1.28,5.5,11.0,1.3,6.14,11.24,1.29,6.0,11.0,1.29,6.0,12.0,2
3.0,3.2,2.62,2.95,3.1,2.55,2.7,3.2,2.7,2.9,3.1,2.5,3.11,3.17,2.6,3.0,3.1,2.62,3.1,3.2,2.55,1
1.14,10.0,21.0,1.14,8.5,17.5,1.15,7.5,18.0,1.15,7.5,23.0,1.16,9.0,21.8,1.14,9.0,19.0,1.15,9.0,22.0,1
2.2,3.2,3.89,2.15,3.1,3.8,2.1,3.3,3.6,2.1,3.0,3.75,2.19,3.15,4.05,2.2,3.1,3.75,2.2,3.13,4.0,0
1.75,3.5,6.0,1.75,3.4,5.5,1.8,3.6,4.5,1.75,3.3,5.25,1.77,3.48,5.99,1.75,3.3,6.0,1.75,3.5,5.75,0
2.25,3.5,3.39,2.2,3.4,3.3,2.1,3.4,3.5,2.15,3.4,3.25,2.22,3.54,3.48,2.25,3.4,3.3,2.25,3.5,3.4,0
2.35,3.29,3.39,2.25,3.25,3.4,2.4,3.3,2.95,2.2,3.3,3.2,2.32,3.42,3.38,2.3,3.3,3.3,2.3,3.3,3.4,1
1.3,5.75,12.0,1.3,5.25,10.5,1.35,5.3,8.0,1.3,5.25,11.0,1.32,5.85,10.95,1.33,5.0,11.0,1.3,5.75,11.0,1
1.9,3.7,4.33,1.87,3.6,4.2,2.1,3.4,3.5,1.87,3.5,4.0,1.92,3.66,4.43,1.91,3.5,4.33,1.91,3.7,4.33,1
2.35,3.0,3.7,2.3,3.0,3.5,2.4,3.1,3.2,2.3,3.0,3.4,2.37,3.07,3.66,2.3,3.0,3.6,2.3,3.1,3.7,1
13.0,6.0,1.28,11.0,5.75,1.28,8.0,5.3,1.35,12.0,5.25,1.28,13.0,5.9,1.29,12.0,5.5,1.29,13.0,6.0,1.29,0
1.8,3.6,5.25,1.72,3.6,5.25,1.75,3.6,4.8,1.75,3.5,5.0,1.81,3.59,5.3,1.8,3.5,5.0,1.8,3.6,5.2,0
1.16,8.5,19.0,1.14,8.25,19.0,1.2,6.5,15.0,1.15,7.5,21.0,1.17,8.19,23.45,1.17,7.5,21.0,1.17,8.0,23.0,1
2.54,3.2,3.1,2.5,3.1,3.1,2.6,3.15,2.85,2.5,3.1,3.0,2.65,3.15,3.07,2.5,3.1,3.1,2.6,3.2,3.1,2
2.04,3.39,4.2,2.0,3.25,4.1,2.1,3.25,3.7,2.0,3.25,3.9,2.05,3.4,4.19,2.05,3.3,4.0,2.05,3.4,4.1,0
2.1,3.75,3.6,2.05,3.6,3.5,2.2,3.5,3.2,2.05,3.6,3.3,2.13,3.71,3.55,2.1,3.6,3.5,2.1,3.8,3.5,0
6.25,4.0,1.61,6.0,4.0,1.57,5.5,4.0,1.6,5.5,3.8,1.6,6.15,4.05,1.64,6.0,4.0,1.62,6.0,4.0,1.62,1
2.25,3.25,3.2,2.25,3.2,3.4,2.3,3.2,3.25,2.2,3.1,3.5,2.26,3.26,3.68,2.25,3.1,3.4,2.25,3.25,3.7,1
1.19,6.5,13.0,1.2,7.0,13.0,1.25,6.5,10.0,1.2,6.5,15.0,1.22,7.4,14.5,1.22,6.0,12.0,1.22,7.0,17.0,1
2.2,3.2,3.39,2.15,3.2,3.7,2.2,3.2,3.5,2.15,3.1,3.6,2.22,3.27,3.78,2.15,3.1,3.6,2.25,3.13,3.8,0
2.37,3.0,3.25,2.45,3.0,3.25,2.4,3.1,3.2,2.4,2.9,3.3,2.5,2.99,3.5,2.5,2.9,3.2,2.45,3.0,3.5,1
2.0,3.6,3.5,1.95,3.8,3.6,2.2,3.5,3.2,1.95,3.75,3.5,2.04,3.85,3.7,2.0,3.75,3.4,2.05,3.9,3.6,1
2.5,3.29,2.79,2.45,3.2,3.0,2.4,3.2,3.05,2.4,3.25,2.9,2.57,3.32,3.03,2.5,3.3,2.8,2.5,3.3,3.1,1
3.25,3.2,2.25,3.4,3.1,2.3,2.65,3.3,2.65,3.2,3.1,2.35,3.3,3.22,2.46,3.25,3.1,2.3,3.4,3.2,2.38,1
5.5,3.75,1.61,5.5,3.8,1.65,5.3,3.8,1.65,5.5,3.7,1.61,5.86,4.03,1.66,5.5,3.8,1.62,6.0,3.9,1.65,1
4.2,3.79,1.8,4.25,3.8,1.8,4.3,3.5,1.85,4.25,3.75,1.75,4.75,3.93,1.8,4.33,3.8,1.75,4.6,4.0,1.8,2
1.36,4.75,8.0,1.35,5.0,9.0,1.4,4.8,7.5,1.36,4.6,8.5,1.4,5.1,9.05,1.33,5.0,9.0,1.36,5.0,9.5,1
2.1,3.5,3.79,2.1,3.4,3.6,2.2,3.3,3.4,2.05,3.4,3.6,2.11,3.49,3.85,2.05,3.3,3.7,2.1,3.5,3.7,0
2.14,3.25,4.0,2.1,3.1,4.0,2.2,3.1,3.6,2.05,3.1,4.0,2.11,3.15,4.36,2.1,3.0,3.8,2.15,3.1,4.2,1
2.89,3.1,2.79,2.9,2.95,2.75,2.7,3.2,2.7,2.8,3.0,2.65,2.98,3.08,2.78,2.62,3.1,2.75,3.0,3.1,2.75,0
1.72,3.89,5.25,1.72,3.75,5.0,1.75,3.6,4.8,1.7,3.7,5.0,1.71,3.89,5.62,1.7,3.75,4.8,1.73,3.8,5.0,0
1.22,7.5,13.0,1.2,7.0,13.5,1.25,6.0,11.0,1.22,6.5,13.0,1.23,7.14,14.61,1.22,6.0,12.0,1.22,7.0,15.0,1
2.25,3.39,3.5,2.2,3.2,3.5,2.35,3.3,3.05,2.15,3.2,3.4,2.23,3.42,3.57,2.2,3.3,3.3,2.25,3.3,3.6,1
1.95,3.29,4.75,1.9,3.3,4.5,2.0,3.4,3.8,1.91,3.2,4.4,1.98,3.3,4.7,1.95,3.1,4.4,1.95,3.3,4.75,2
7.5,4.5,1.5,7.0,4.2,1.5,6.5,4.2,1.5,6.5,4.25,1.5,7.09,4.66,1.51,6.5,4.2,1.5,7.5,4.6,1.5,2
2.29,3.25,3.5,2.2,3.25,3.5,2.2,3.2,3.5,2.25,3.2,3.3,2.3,3.3,3.55,2.3,3.1,3.3,2.3,3.3,3.4,1
4.5,4.0,1.72,4.4,3.8,1.78,4.2,3.9,1.8,4.2,3.9,1.75,4.58,4.06,1.8,4.5,3.8,1.73,4.6,4.0,1.8,2
2.5,3.1,3.29,2.5,3.0,3.2,2.6,3.3,2.7,2.4,2.9,3.2,2.5,3.04,3.43,2.5,3.0,3.3,2.5,3.1,3.4,1
1.85,3.75,4.5,1.85,3.8,4.0,1.9,3.5,4.1,1.83,3.6,4.0,1.88,3.72,4.57,1.85,3.6,4.5,1.85,3.8,4.5,0
1.22,7.0,15.0,1.2,7.0,13.5,1.25,6.0,11.0,1.2,6.5,15.0,1.22,7.6,14.1,1.22,6.5,15.0,1.22,7.5,15.0,1
1.75,3.75,5.25,1.72,3.7,5.0,1.85,3.5,4.3,1.7,3.6,5.0,1.76,3.71,5.48,1.75,3.5,5.5,1.73,3.8,5.5,0
2.6,3.25,3.0,2.45,3.2,3.0,2.3,3.3,3.15,2.5,3.0,3.0,2.65,3.19,3.03,2.6,3.1,3.0,2.63,3.2,3.0,1
1.19,7.5,17.0,1.2,6.75,14.5,1.25,6.0,11.0,1.18,7.0,13.0,1.19,8.05,18.5,1.2,7.0,17.0,1.18,7.5,19.0,1
2.14,3.29,3.89,2.0,3.3,4.0,2.0,3.4,3.8,2.1,3.2,3.6,2.2,3.3,3.8,2.15,3.25,3.8,2.15,3.3,3.9,1
4.2,3.79,1.9,4.1,3.7,1.85,4.4,3.7,1.8,3.8,3.5,1.91,4.04,3.7,1.99,4.0,3.75,1.91,4.0,3.7,2.0,1
1.61,4.2,6.0,1.6,4.1,5.5,1.65,4.1,5.0,1.57,4.0,5.5,1.6,4.35,6.07,1.62,4.0,6.0,1.6,4.3,6.0,1
7.0,4.0,1.57,6.5,4.1,1.53,6.2,4.0,1.55,6.5,3.9,1.53,6.63,4.24,1.58,6.5,4.0,1.57,7.0,4.2,1.53,2
1.3,5.75,12.0,1.3,5.5,10.5,1.33,5.3,8.7,1.28,5.25,11.0,1.3,6.0,11.65,1.3,5.5,11.0,1.29,5.75,13.0,1
2.2,3.2,3.89,2.2,3.1,3.7,2.1,3.2,3.75,2.15,3.1,3.6,2.22,3.24,3.83,2.2,3.1,3.75,2.2,3.25,3.8,1
2.54,3.1,3.2,2.5,3.1,3.1,2.4,3.2,3.1,2.45,3.0,3.1,2.52,3.07,3.37,2.5,3.1,3.1,2.5,3.1,3.3,0
2.75,3.39,2.75,2.65,3.3,2.7,2.6,3.2,2.8,2.62,3.3,2.62,2.79,3.34,2.76,2.75,3.3,2.8,2.7,3.4,2.75,1
2.79,3.2,2.79,2.7,3.1,2.8,2.7,3.2,2.7,2.7,3.1,2.7,2.8,3.16,2.88,2.8,3.1,2.8,2.8,3.2,2.8,1
3.0,3.25,2.6,2.9,3.2,2.55,2.75,3.25,2.6,3.0,3.1,2.45,3.07,3.28,2.57,3.0,3.1,2.6,3.1,3.25,2.55,2
2.29,3.2,3.6,2.2,3.1,3.6,2.1,3.4,3.5,2.25,3.0,3.5,2.32,3.21,3.6,2.3,3.1,3.6,2.3,3.2,3.6,2
1.44,5.0,7.5,1.5,4.4,6.25,1.5,4.2,6.5,1.44,4.5,6.5,1.48,4.81,7.4,1.5,4.33,7.0,1.45,5.0,7.0,1
6.5,4.5,1.55,6.0,4.4,1.53,6.5,4.2,1.5,6.0,4.25,1.5,6.49,4.66,1.53,6.0,4.5,1.53,6.5,4.6,1.53,2
15.0,6.5,1.25,13.0,6.5,1.22,11.0,6.0,1.25,15.0,6.5,1.22,13.25,6.89,1.25,13.0,6.0,1.25,13.0,6.5,1.22,2
1.83,3.6,5.0,1.85,3.4,4.6,1.9,3.5,4.1,1.8,3.5,4.4,1.85,3.6,4.94,1.83,3.5,4.33,1.85,3.6,4.8,1
3.0,3.1,2.7,2.8,3.1,2.7,2.7,3.2,2.7,2.87,3.0,2.6,2.94,3.2,2.72,2.8,3.1,2.62,2.9,3.2,2.7,2
1.19,8.0,15.0,1.18,7.5,14.0,1.2,6.5,15.0,1.17,7.0,17.0,1.2,7.85,15.95,1.2,6.5,13.0,1.18,8.0,17.0,1
2.5,3.29,3.1,2.4,3.2,3.1,2.3,3.3,3.15,2.4,3.1,3.0,2.49,3.29,3.18,2.4,3.2,3.0,2.5,3.3,3.13,2
2.7,3.2,2.62,2.7,3.1,2.8,2.75,3.25,2.6,2.7,3.1,2.7,2.82,3.2,2.84,2.8,3.1,2.62,2.75,3.2,2.8,2
7.0,4.33,1.44,6.75,4.33,1.5,7.2,4.4,1.45,5.8,4.25,1.53,6.65,4.54,1.54,6.0,4.33,1.5,6.5,4.5,1.53,2
9.0,5.0,1.33,8.5,5.0,1.36,9.5,5.5,1.3,9.5,5.0,1.33,10.3,5.47,1.35,8.5,4.8,1.33,10.5,5.4,1.33,2
1.25,6.0,10.0,1.22,6.5,13.0,1.2,6.5,15.0,1.25,5.8,12.0,1.24,7.02,14.56,1.22,6.0,13.0,1.25,6.0,15.0,1
1.75,3.39,5.0,1.75,3.5,5.25,1.8,3.6,4.5,1.73,3.4,5.2,1.78,3.62,5.55,1.75,3.4,5.0,1.75,3.6,5.5,1
2.29,3.29,3.1,2.3,3.4,3.1,2.3,3.2,3.25,2.25,3.4,3.0,2.35,3.47,3.26,2.3,3.4,3.0,2.3,3.5,3.2,0
2.5,3.0,3.1,2.55,3.1,3.0,2.6,3.2,2.8,2.55,2.9,3.0,2.67,3.07,3.13,2.62,3.0,2.9,2.63,3.0,3.13,2
2.7,3.25,2.6,2.85,3.2,2.6,2.65,3.3,2.65,2.8,3.1,2.55,2.97,3.25,2.66,2.88,3.1,2.6,2.9,3.25,2.63,1
1.28,5.5,10.0,1.3,5.5,9.75,1.35,5.3,8.0,1.3,5.25,10.0,1.31,6.1,10.47,1.3,5.5,10.0,1.3,6.0,11.0,1
2.29,3.29,3.1,2.35,3.25,3.2,2.3,3.4,3.1,2.35,3.25,3.0,2.43,3.4,3.18,2.3,3.2,3.1,2.4,3.4,3.13,2
2.5,3.39,3.0,2.45,3.4,2.9,2.4,3.3,2.95,2.4,3.4,2.87,2.48,3.47,3.04,2.5,3.25,3.0,2.5,3.5,2.9,0
1.85,3.5,5.0,1.85,3.4,4.75,1.83,3.6,4.3,1.83,3.25,4.6,1.88,3.48,4.95,1.85,3.3,5.0,1.85,3.4,5.2,0
4.2,3.75,1.9,4.1,3.6,1.9,4.1,3.5,1.9,4.0,3.5,1.87,4.25,3.71,1.94,4.2,3.6,1.91,4.3,3.7,1.93,0
1.95,3.6,4.2,1.95,3.4,4.1,2.0,3.4,3.8,1.91,3.3,4.0,1.97,3.54,4.32,1.95,3.4,4.33,1.93,3.6,4.4,2
1.89,3.79,4.2,1.85,3.6,4.25,1.95,3.45,3.95,1.85,3.5,4.2,1.88,3.85,4.37,1.85,3.6,4.33,1.87,3.75,4.5,2
11.0,5.5,1.33,9.5,5.25,1.33,8.0,5.3,1.35,10.0,5.2,1.3,11.07,5.54,1.34,11.0,5.0,1.33,10.5,5.5,1.33,2
2.39,3.2,3.39,2.25,3.2,3.4,2.3,3.3,3.15,2.25,3.1,3.3,2.32,3.05,3.49,2.38,3.1,3.3,2.38,3.2,3.5,2
2.37,3.2,3.39,2.4,3.1,3.2,2.5,3.3,2.85,2.3,3.1,3.3,2.35,3.25,3.49,2.4,3.1,3.3,2.38,3.2,3.1,0
1.57,4.5,6.0,1.53,4.4,6.0,1.55,4.0,6.2,1.53,4.2,5.75,1.56,4.45,6.44,1.57,4.2,6.0,1.55,4.5,6.25,1
1.28,6.0,12.0,1.28,5.75,11.0,1.3,5.5,9.5,1.25,5.5,12.0,1.28,6.34,11.91,1.29,5.5,12.0,1.29,6.0,12.0,0
2.62,3.2,3.0,2.65,3.1,2.85,2.6,3.3,2.7,2.6,3.0,2.87,2.67,3.19,3.01,2.7,3.1,2.88,2.7,3.13,3.0,1
1.9,3.5,4.75,1.9,3.4,4.33,1.95,3.45,3.95,1.85,3.3,4.5,1.91,3.56,4.64,1.91,3.2,4.8,1.85,3.5,5.0,1
2.62,3.25,3.0,2.6,3.1,2.9,2.6,3.25,2.75,2.6,3.1,2.8,2.72,3.14,2.9,2.62,3.1,2.9,2.7,3.2,2.9,1
1.25,7.0,12.0,1.25,6.25,11.5,1.25,6.0,11.0,1.22,6.5,13.0,1.25,7.15,12.89,1.25,6.0,13.0,1.25,7.0,13.0,1
4.5,3.75,1.85,4.5,3.5,1.85,4.1,3.5,1.9,4.33,3.5,1.83,4.48,3.74,1.88,4.5,3.6,1.83,4.75,3.7,1.85,2
2.54,3.25,3.1,2.55,3.1,3.0,2.5,3.3,2.85,2.5,3.0,3.0,2.61,3.13,3.15,2.5,3.1,3.1,2.55,3.2,3.13,0
2.62,3.6,2.7,2.6,3.6,2.6,2.5,3.4,2.75,2.62,3.5,2.5,2.7,3.61,2.68,2.7,3.3,2.7,2.7,3.6,2.63,2
1.18,8.0,19.0,1.18,6.75,18.5,1.17,7.5,15.0,1.2,6.5,19.0,1.22,7.05,17.85,1.17,7.5,19.0,1.2,7.5,15.0,2
3.29,3.6,2.25,3.1,3.6,2.2,3.3,3.4,2.2,3.1,3.5,2.2,3.27,3.65,2.27,3.3,3.5,2.2,3.3,3.6,2.25,1
2.0,3.6,4.0,2.0,3.3,4.0,2.0,3.4,3.8,2.0,3.3,3.9,2.01,3.52,4.19,2.0,3.3,4.2,2.0,3.5,4.1,0
6.5,4.33,1.55,6.0,4.2,1.55,6.2,4.0,1.55,6.0,4.2,1.53,6.56,4.35,1.57,6.5,4.33,1.53,6.5,4.33,1.55,0
5.0,3.89,1.75,5.0,3.8,1.7,4.8,3.6,1.75,4.75,3.8,1.7,4.99,4.07,1.74,4.8,3.8,1.75,5.2,4.0,1.73,2
4.0,3.39,1.9,4.1,3.5,1.91,3.8,3.4,2.0,4.33,3.3,1.86,4.64,3.55,1.91,4.33,3.4,1.91,4.75,3.5,1.87,2
2.25,3.29,3.2,2.3,3.4,3.1,2.3,3.4,3.05,2.35,3.3,3.0,2.42,3.53,3.08,2.38,3.5,3.0,2.38,3.5,3.13,0
2.89,3.39,2.54,2.95,3.2,2.5,2.75,3.25,2.6,2.9,3.25,2.4,2.96,3.44,2.55,2.88,3.25,2.6,3.0,3.4,2.55,0
7.5,4.5,1.5,6.75,4.25,1.5,6.2,4.0,1.55,7.0,4.2,1.5,7.57,4.45,1.51,6.5,4.2,1.53,7.0,4.5,1.5,0
1.55,4.59,6.0,1.53,4.5,5.75,1.6,4.0,5.5,1.5,4.33,5.8,1.55,4.65,6.28,1.57,4.5,5.5,1.53,4.6,6.5,1
1.14,9.0,23.0,1.13,8.75,21.0,1.2,7.0,13.0,1.11,9.0,23.0,1.14,9.66,23.8,1.14,8.5,21.0,1.14,9.0,23.0,1
2.29,3.29,3.5,2.3,3.2,3.3,2.3,3.4,3.05,2.25,3.1,3.4,2.27,3.29,3.65,2.38,3.2,3.25,2.3,3.25,3.4,0
2.29,3.39,3.39,2.25,3.2,3.4,2.4,3.2,3.05,2.25,3.1,3.3,2.31,3.35,3.46,2.3,3.2,3.2,2.3,3.25,3.5,1
2.25,3.2,3.7,2.15,3.1,3.8,2.1,3.2,3.7,2.2,3.0,3.5,2.28,3.2,3.71,2.2,3.1,3.75,2.25,3.2,3.75,0
2.04,3.6,3.79,2.05,3.3,3.8,2.0,3.4,3.8,2.05,3.4,3.6,2.08,3.57,3.85,2.1,3.3,3.75,2.1,3.6,3.7,1
2.62,3.1,3.1,2.6,3.0,3.0,2.6,3.0,2.95,2.5,3.0,3.0,2.63,3.1,3.15,2.62,3.1,2.9,2.6,3.1,3.13,2
1.33,5.75,10.0,1.3,5.75,9.5,1.3,5.5,9.5,1.3,5.25,9.0,1.32,5.85,10.1,1.33,5.0,10.0,1.3,5.75,11.0,0
1.85,3.6,4.75,1.8,3.5,4.75,1.8,3.6,4.5,1.86,3.3,4.33,1.93,3.47,4.69,1.91,3.4,4.5,1.87,3.5,4.8,2
1.72,4.0,5.0,1.72,3.75,5.0,1.7,3.7,5.0,1.7,3.8,4.75,1.71,4.11,5.15,1.73,3.75,5.0,1.7,4.0,5.2,1
7.0,4.33,1.53,7.0,4.2,1.5,6.2,4.0,1.55,7.0,4.2,1.5,7.49,4.5,1.51,7.0,4.0,1.53,7.5,4.33,1.5,2
1.44,4.75,8.0,1.44,4.5,7.5,1.5,4.2,6.5,1.4,4.5,7.5,1.45,4.83,8.14,1.44,4.33,8.0,1.4,4.8,8.5,1
10.0,5.75,1.33,9.25,5.25,1.33,7.5,4.8,1.4,10.0,5.25,1.3,11.03,5.72,1.32,11.0,5.0,1.33,10.5,5.5,1.33,2
1.16,8.5,21.0,1.16,7.5,17.0,1.17,7.5,15.0,1.15,7.5,19.0,1.16,8.65,21.0,1.17,7.0,21.0,1.14,9.0,22.0,1
4.75,3.6,1.85,4.5,3.5,1.85,4.5,3.6,1.8,4.33,3.5,1.83,4.8,3.59,1.88,4.75,3.5,1.83,4.75,3.6,1.87,1
2.1,3.6,3.7,2.05,3.5,3.6,2.3,3.4,3.05,2.05,3.4,3.5,2.11,3.62,3.69,2.1,3.4,3.6,2.1,3.6,3.6,1
2.89,3.29,2.62,2.85,3.2,2.6,2.75,3.4,2.5,2.87,3.1,2.55,2.9,3.35,2.66,2.88,3.2,2.62,3.0,3.25,2.63,0
2.25,3.5,3.39,2.2,3.4,3.3,2.2,3.4,3.3,2.2,3.3,3.2,2.28,3.41,3.48,2.3,3.25,3.3,2.25,3.5,3.4,2
2.7,3.39,2.79,2.6,3.3,2.75,2.5,3.3,2.85,2.6,3.3,2.65,2.74,3.4,2.77,2.7,3.2,2.8,2.7,3.4,2.75,2
2.37,3.39,3.2,2.35,3.3,3.1,2.3,3.3,3.15,2.3,3.2,3.1,2.41,3.39,3.22,2.4,3.2,3.2,2.38,3.3,3.3,1
8.0,4.75,1.44,8.25,4.6,1.4,8.0,5.3,1.35,7.5,4.4,1.44,7.56,4.82,1.46,8.5,4.8,1.4,8.0,4.75,1.44,1
1.57,4.2,6.5,1.53,4.2,6.25,1.5,4.2,6.5,1.53,4.2,5.8,1.57,4.35,6.47,1.57,3.75,7.0,1.55,4.33,6.5,1
2.25,3.6,3.29,2.15,3.5,3.3,2.2,3.4,3.3,2.2,3.5,3.1,2.29,3.66,3.22,2.25,3.3,3.4,2.25,3.6,3.25,1
1.08,13.0,34.0,1.07,12.0,29.0,1.12,9.0,20.0,1.08,12.0,29.0,1.09,13.5,26.0,1.11,9.0,26.0,1.06,13.0,26.0,0
3.1,3.25,2.54,3.0,3.25,2.5,3.05,3.2,2.4,3.0,3.1,2.45,3.09,3.31,2.53,3.0,3.2,2.5,3.1,3.2,2.55,2
1.16,8.5,19.0,1.18,7.25,15.5,1.17,7.5,15.0,1.18,6.5,19.0,1.19,7.77,20.17,1.17,8.0,17.0,1.2,7.0,19.0,0
3.75,3.79,2.0,3.6,3.8,1.95,3.5,3.7,2.0,3.5,3.7,1.95,3.75,3.9,2.01,3.6,3.75,2.0,3.7,3.9,2.0,1
1.12,10.0,27.0,1.13,8.75,21.0,1.12,9.0,20.0,1.12,8.5,23.0,1.13,9.71,24.81,1.12,10.0,21.0,1.13,10.5,21.0,1
1.18,8.5,17.0,1.18,7.5,14.0,1.17,7.5,15.0,1.18,7.0,17.0,1.19,7.8,17.0,1.17,8.0,17.0,1.18,8.0,17.0,1
4.75,3.79,1.8,4.33,3.75,1.8,4.5,3.6,1.8,4.33,3.6,1.8,4.65,3.88,1.83,4.5,3.8,1.8,4.75,3.8,1.8,0
2.14,3.5,3.6,2.15,3.4,3.4,2.1,3.2,3.7,2.2,3.4,3.25,2.21,3.57,3.41,2.2,3.3,3.5,2.2,3.5,3.4,2
1.8,3.79,4.75,1.75,3.7,4.75,1.85,3.5,4.3,1.73,3.75,4.5,1.75,4.01,4.86,1.75,3.6,5.0,1.75,4.0,4.8,1
6.0,4.33,1.6,5.5,4.33,1.57,5.0,4.0,1.65,5.25,4.2,1.57,5.88,4.48,1.58,5.5,4.2,1.6,6.0,4.4,1.57,2
1.19,8.0,15.0,1.16,8.0,16.5,1.15,7.5,18.0,1.18,7.0,13.0,1.21,7.65,15.44,1.2,6.5,17.0,1.17,8.0,19.0,1
1.39,5.25,8.5,1.36,5.25,8.0,1.25,6.0,11.0,1.4,4.75,8.0,1.4,5.46,7.98,1.33,5.5,9.0,1.33,5.25,9.0,1
6.5,4.2,1.6,6.5,4.1,1.53,4.5,4.0,1.7,5.5,3.9,1.6,5.96,4.22,1.61,6.5,4.0,1.57,6.0,4.2,1.6,1
9.0,5.0,1.39,7.25,4.75,1.42,7.2,4.4,1.45,7.0,4.6,1.4,8.06,5.11,1.42,8.5,4.5,1.4,7.5,5.0,1.44,2
1.9,3.79,4.2,1.83,3.75,4.25,1.9,3.5,4.1,1.87,3.6,4.0,1.91,3.72,4.29,1.91,3.75,4.0,1.9,3.75,4.2,2
1.33,6.0,9.0,1.3,5.75,9.25,1.3,5.5,9.5,1.3,5.5,9.5,1.33,5.95,9.56,1.3,6.0,9.0,1.33,5.75,9.5,1
2.45,3.5,3.0,2.4,3.4,2.95,2.4,3.3,2.95,2.3,3.4,3.0,2.36,3.51,3.17,2.4,3.3,3.1,2.4,3.5,3.1,1
